-- MySQL dump 10.13  Distrib 8.0.42, for Win64 (x86_64)
--
-- Host: localhost    Database: voting_app
-- ------------------------------------------------------
-- Server version	9.1.0

/*!40101 SET @OLD_CHARACTER_SET_CLIENT=@@CHARACTER_SET_CLIENT */;
/*!40101 SET @OLD_CHARACTER_SET_RESULTS=@@CHARACTER_SET_RESULTS */;
/*!40101 SET @OLD_COLLATION_CONNECTION=@@COLLATION_CONNECTION */;
/*!50503 SET NAMES utf8 */;
/*!40103 SET @OLD_TIME_ZONE=@@TIME_ZONE */;
/*!40103 SET TIME_ZONE='+00:00' */;
/*!40014 SET @OLD_UNIQUE_CHECKS=@@UNIQUE_CHECKS, UNIQUE_CHECKS=0 */;
/*!40014 SET @OLD_FOREIGN_KEY_CHECKS=@@FOREIGN_KEY_CHECKS, FOREIGN_KEY_CHECKS=0 */;
/*!40101 SET @OLD_SQL_MODE=@@SQL_MODE, SQL_MODE='NO_AUTO_VALUE_ON_ZERO' */;
/*!40111 SET @OLD_SQL_NOTES=@@SQL_NOTES, SQL_NOTES=0 */;

--
-- Table structure for table `user_options`
--

DROP TABLE IF EXISTS `user_options`;
/*!40101 SET @saved_cs_client     = @@character_set_client */;
/*!50503 SET character_set_client = utf8mb4 */;
CREATE TABLE `user_options` (
  `id` int NOT NULL AUTO_INCREMENT,
  `question_id` int DEFAULT NULL,
  `name` varchar(50) DEFAULT NULL,
  `created_at` datetime DEFAULT CURRENT_TIMESTAMP,
  `updated_at` datetime DEFAULT CURRENT_TIMESTAMP ON UPDATE CURRENT_TIMESTAMP,
  PRIMARY KEY (`id`),
  KEY `fk_questions_poll` (`question_id`),
  CONSTRAINT `fk_questions_poll` FOREIGN KEY (`question_id`) REFERENCES `user_questions` (`id`) ON DELETE CASCADE ON UPDATE CASCADE
) ENGINE=InnoDB AUTO_INCREMENT=69 DEFAULT CHARSET=utf8mb4 COLLATE=utf8mb4_0900_ai_ci;
/*!40101 SET character_set_client = @saved_cs_client */;

--
-- Dumping data for table `user_options`
--

LOCK TABLES `user_options` WRITE;
/*!40000 ALTER TABLE `user_options` DISABLE KEYS */;
INSERT INTO `user_options` VALUES (1,2,'qeqeq','2025-10-28 14:34:57','2025-10-28 14:34:57'),(2,2,'Ut enim magna quis d','2025-10-28 14:34:57','2025-10-28 14:34:57'),(3,3,'qeqewq','2025-10-28 14:35:21','2025-10-28 14:35:21'),(4,3,'Et rerum aliquam con','2025-10-28 14:35:21','2025-10-28 14:35:21'),(5,3,'ewqewq','2025-10-28 14:35:21','2025-10-28 14:35:21'),(6,3,'ewqewqe','2025-10-28 14:35:21','2025-10-28 14:35:21'),(7,4,'eqwewqe','2025-10-28 14:45:52','2025-10-28 14:45:52'),(8,4,'Consectetur nulla in','2025-10-28 14:45:52','2025-10-28 14:45:52'),(9,5,'eqweqweqw','2025-10-28 15:55:32','2025-10-28 15:55:32'),(10,5,'Nisi qui quam verita','2025-10-28 15:55:32','2025-10-28 15:55:32'),(11,6,'eqewqewq','2025-10-28 15:55:47','2025-10-28 15:55:47'),(12,6,'In minima deeqebitis vo','2025-10-28 15:55:47','2025-10-28 15:55:47'),(13,7,'eqwewq','2025-10-28 16:41:09','2025-10-28 16:41:09'),(14,7,'Dicta esse error co','2025-10-28 16:41:09','2025-10-28 16:41:09'),(15,8,'eqwe','2025-10-28 16:41:14','2025-10-28 16:41:14'),(16,8,'Et eligendi alias do','2025-10-28 16:41:14','2025-10-28 16:41:14'),(17,9,'eqwewqe','2025-10-28 16:41:21','2025-10-28 16:41:21'),(18,9,'Quaerat veniam exer','2025-10-28 16:41:21','2025-10-28 16:41:21'),(19,10,'eqweq','2025-10-28 16:49:05','2025-10-28 16:49:05'),(20,10,'Consequatur voluptat','2025-10-28 16:49:05','2025-10-28 16:49:05'),(21,11,'eqwewqe','2025-10-28 17:04:50','2025-10-28 17:04:50'),(22,11,'qweqwe','2025-10-28 17:04:50','2025-10-28 17:04:50'),(27,15,'qwewqe','2025-10-28 18:58:02','2025-10-28 18:58:02'),(28,15,'Eius suscipit natus','2025-10-28 18:58:02','2025-10-28 18:58:02'),(29,16,'qweqwe','2025-10-28 19:38:31','2025-10-28 19:38:31'),(30,16,'Soluta quia amet po','2025-10-28 19:38:31','2025-10-28 19:38:31'),(31,17,'qweqwe','2025-10-28 20:08:01','2025-10-28 20:08:01'),(32,17,'Et reprehenderit no','2025-10-28 20:08:01','2025-10-28 20:08:01'),(33,17,'qeqwewq','2025-10-28 20:08:01','2025-10-28 20:08:01'),(34,17,'eqwe','2025-10-28 20:08:01','2025-10-28 20:08:01'),(35,18,'aweqweqwe','2025-10-28 20:09:16','2025-10-28 20:09:16'),(36,18,'Odio error Nam illum','2025-10-28 20:09:16','2025-10-28 20:09:16'),(37,19,'qwewqeqwe','2025-10-28 20:09:57','2025-10-28 20:09:57'),(38,19,'Labore ea aspernatur','2025-10-28 20:09:57','2025-10-28 20:09:57'),(39,20,'qweqeqwe','2025-10-28 22:25:57','2025-10-28 22:25:57'),(40,20,'Minus voluptatem es','2025-10-28 22:25:57','2025-10-28 22:25:57'),(41,21,'qweqeqw','2025-10-28 22:40:10','2025-10-28 22:40:10'),(42,21,'Cillum qui omnis rat','2025-10-28 22:40:10','2025-10-28 22:40:10'),(43,22,'q2e2eqwqwe','2025-10-28 22:40:18','2025-10-28 22:40:18'),(44,22,'Deleniti ut expedita','2025-10-28 22:40:18','2025-10-28 22:40:18'),(45,23,'qeweq','2025-10-28 22:47:50','2025-10-28 22:47:50'),(46,23,'Ad quisquam cillum o','2025-10-28 22:47:50','2025-10-28 22:47:50'),(47,24,'awewqewq','2025-10-28 22:48:27','2025-10-28 22:48:27'),(48,24,'Atque velit cumque v','2025-10-28 22:48:27','2025-10-28 22:48:27'),(49,25,'qweqwe','2025-10-28 22:52:12','2025-10-28 22:52:12'),(50,25,'Qui quasi irure repr','2025-10-28 22:52:12','2025-10-28 22:52:12'),(51,26,'qweqwe','2025-10-28 22:52:22','2025-10-28 22:52:22'),(52,26,'Ut qui aut impedit','2025-10-28 22:52:22','2025-10-28 22:52:22'),(53,27,'qweqwe','2025-10-28 22:54:57','2025-10-28 22:54:57'),(54,27,'Sunt ex et quia ut f','2025-10-28 22:54:57','2025-10-28 22:54:57'),(55,28,'ewqqwe','2025-10-28 22:56:20','2025-10-28 22:56:20'),(56,28,'Quod inventore iure','2025-10-28 22:56:20','2025-10-28 22:56:20'),(57,29,'ewqeqwe','2025-10-28 22:56:57','2025-10-28 22:56:57'),(58,29,'Sit porro sed et aut','2025-10-28 22:56:57','2025-10-28 22:56:57'),(59,30,'qweqeqw','2025-10-28 22:57:14','2025-10-28 22:57:14'),(60,30,'Labore eu reprehende','2025-10-28 22:57:14','2025-10-28 22:57:14'),(61,31,'qweqeqwe','2025-10-28 22:57:52','2025-10-28 22:57:52'),(62,31,'Fuga Sed quis fuga','2025-10-28 22:57:52','2025-10-28 22:57:52'),(63,32,'eqweqwe','2025-10-28 22:59:12','2025-10-28 22:59:12'),(64,32,'Illo quia labore rat','2025-10-28 22:59:12','2025-10-28 22:59:12'),(65,33,'eqweqwe','2025-10-28 23:09:10','2025-10-28 23:09:10'),(66,33,'Velit fugiat consec','2025-10-28 23:09:10','2025-10-28 23:09:10'),(67,34,'qweqweqwe','2025-10-28 23:09:17','2025-10-28 23:09:17'),(68,34,'Quis eum voluptatum','2025-10-28 23:09:17','2025-10-28 23:09:17');
/*!40000 ALTER TABLE `user_options` ENABLE KEYS */;
UNLOCK TABLES;

--
-- Table structure for table `user_questions`
--

DROP TABLE IF EXISTS `user_questions`;
/*!40101 SET @saved_cs_client     = @@character_set_client */;
/*!50503 SET character_set_client = utf8mb4 */;
CREATE TABLE `user_questions` (
  `id` int NOT NULL AUTO_INCREMENT,
  `user_id` int DEFAULT NULL,
  `name` varchar(50) DEFAULT NULL,
  `created_at` datetime DEFAULT CURRENT_TIMESTAMP,
  `updated_at` datetime DEFAULT CURRENT_TIMESTAMP ON UPDATE CURRENT_TIMESTAMP,
  PRIMARY KEY (`id`),
  KEY `fk_user_id` (`user_id`),
  CONSTRAINT `fk_user_id` FOREIGN KEY (`user_id`) REFERENCES `users` (`id`) ON DELETE SET NULL ON UPDATE CASCADE
) ENGINE=InnoDB AUTO_INCREMENT=35 DEFAULT CHARSET=utf8mb4 COLLATE=utf8mb4_0900_ai_ci;
/*!40101 SET character_set_client = @saved_cs_client */;

--
-- Dumping data for table `user_questions`
--

LOCK TABLES `user_questions` WRITE;
/*!40000 ALTER TABLE `user_questions` DISABLE KEYS */;
INSERT INTO `user_questions` VALUES (1,NULL,'Ut consequuntur aliq','2025-10-28 14:33:43','2025-10-28 14:33:43'),(2,NULL,'Molestiae omnis ex q','2025-10-28 14:34:57','2025-10-28 14:34:57'),(3,NULL,'Excepturi accusamus','2025-10-28 14:35:21','2025-10-28 14:35:21'),(4,NULL,'Est quo reprehenderi','2025-10-28 14:45:52','2025-10-28 14:45:52'),(5,NULL,'Eveniet fugiat alia','2025-10-28 15:55:32','2025-10-28 15:55:32'),(6,NULL,'keithqeqweqwewqeqwewqewqe','2025-10-28 15:55:47','2025-10-28 15:55:47'),(7,NULL,'Nesciunt cupiditate','2025-10-28 16:41:09','2025-10-28 16:41:09'),(8,NULL,'Temporibus porro hareqwe','2025-10-28 16:41:14','2025-10-28 16:41:14'),(9,NULL,'Debitis cillum elit','2025-10-28 16:41:21','2025-10-28 16:41:21'),(10,NULL,'Reprehenderit quos i','2025-10-28 16:49:05','2025-10-28 16:49:05'),(11,NULL,'eqweqweeqweqweqw','2025-10-28 17:04:50','2025-10-28 17:04:50'),(15,6,'Qui ad consequuntur','2025-10-28 18:58:02','2025-10-28 18:58:02'),(16,8,'Distinctio Aut aliq','2025-10-28 19:38:31','2025-10-28 19:38:31'),(17,8,'Necessitatibus ut di','2025-10-28 20:08:01','2025-10-28 20:08:01'),(18,8,'Sequi ex voluptas au','2025-10-28 20:09:16','2025-10-28 20:09:16'),(19,8,'Modi quaerat consequ','2025-10-28 20:09:57','2025-10-28 20:09:57'),(20,NULL,'Est qui cupiditate','2025-10-28 22:25:57','2025-10-28 22:25:57'),(21,NULL,'Pariatur Quia labor','2025-10-28 22:40:10','2025-10-28 22:40:10'),(22,NULL,'Pariatur Quia labor','2025-10-28 22:40:18','2025-10-28 22:40:18'),(23,16,'Pariatur Quia labor','2025-10-28 22:47:50','2025-10-28 22:47:50'),(24,17,'Pariatur Quia labor','2025-10-28 22:48:27','2025-10-28 22:48:27'),(25,17,'Pariatur Quia labor','2025-10-28 22:52:12','2025-10-28 22:52:12'),(26,17,'Pariatur Quia labor','2025-10-28 22:52:22','2025-10-28 22:52:22'),(27,17,'Pariatur Quia labor','2025-10-28 22:54:57','2025-10-28 22:54:57'),(28,17,'Dolore anim laboris','2025-10-28 22:56:20','2025-10-28 22:56:20'),(29,17,'Eum nihil labore ven','2025-10-28 22:56:57','2025-10-28 22:56:57'),(30,17,'Voluptas numquam ape','2025-10-28 22:57:14','2025-10-28 22:57:14'),(31,17,'Totam beatae explica','2025-10-28 22:57:52','2025-10-28 22:57:52'),(32,17,'Dolor eos laboriosam','2025-10-28 22:59:12','2025-10-28 22:59:12'),(33,17,'Dolorem perferendis','2025-10-28 23:09:10','2025-10-28 23:09:10'),(34,17,'Dolorem perferendis eqeqweq','2025-10-28 23:09:17','2025-10-28 23:09:17');
/*!40000 ALTER TABLE `user_questions` ENABLE KEYS */;
UNLOCK TABLES;

--
-- Table structure for table `user_votes`
--

DROP TABLE IF EXISTS `user_votes`;
/*!40101 SET @saved_cs_client     = @@character_set_client */;
/*!50503 SET character_set_client = utf8mb4 */;
CREATE TABLE `user_votes` (
  `id` int NOT NULL AUTO_INCREMENT,
  `user_id` int DEFAULT NULL,
  `poll_id` int DEFAULT NULL,
  `question_id` int DEFAULT NULL,
  `created_at` datetime DEFAULT CURRENT_TIMESTAMP,
  `updated_at` datetime DEFAULT CURRENT_TIMESTAMP ON UPDATE CURRENT_TIMESTAMP,
  PRIMARY KEY (`id`),
  KEY `fk_user` (`user_id`),
  KEY `fk_options` (`poll_id`),
  KEY `fk_questions` (`question_id`),
  CONSTRAINT `fk_options` FOREIGN KEY (`poll_id`) REFERENCES `user_options` (`id`) ON DELETE CASCADE ON UPDATE CASCADE,
  CONSTRAINT `fk_questions` FOREIGN KEY (`question_id`) REFERENCES `user_questions` (`id`) ON DELETE CASCADE ON UPDATE CASCADE,
  CONSTRAINT `fk_user` FOREIGN KEY (`user_id`) REFERENCES `users` (`id`) ON DELETE CASCADE ON UPDATE CASCADE
) ENGINE=InnoDB AUTO_INCREMENT=340 DEFAULT CHARSET=utf8mb4 COLLATE=utf8mb4_0900_ai_ci;
/*!40101 SET character_set_client = @saved_cs_client */;

--
-- Dumping data for table `user_votes`
--

LOCK TABLES `user_votes` WRITE;
/*!40000 ALTER TABLE `user_votes` DISABLE KEYS */;
INSERT INTO `user_votes` VALUES (1,1,11,6,'2025-10-28 16:27:52','2025-10-28 16:27:52'),(2,1,12,6,'2025-10-28 16:28:08','2025-10-28 16:28:08'),(3,1,11,6,'2025-10-28 16:28:08','2025-10-28 16:28:08'),(4,1,12,6,'2025-10-28 16:28:09','2025-10-28 16:28:09'),(5,1,11,6,'2025-10-28 16:28:09','2025-10-28 16:28:09'),(6,1,12,6,'2025-10-28 16:28:10','2025-10-28 16:28:10'),(7,1,11,6,'2025-10-28 16:28:10','2025-10-28 16:28:10'),(8,1,11,6,'2025-10-28 16:37:42','2025-10-28 16:37:42'),(9,1,11,6,'2025-10-28 16:40:44','2025-10-28 16:40:44'),(10,1,11,6,'2025-10-28 16:40:47','2025-10-28 16:40:47'),(11,1,19,10,'2025-10-28 16:50:07','2025-10-28 16:50:07'),(12,1,20,10,'2025-10-28 16:50:08','2025-10-28 16:50:08'),(13,1,19,10,'2025-10-28 16:56:00','2025-10-28 16:56:00'),(14,1,20,10,'2025-10-28 16:56:01','2025-10-28 16:56:01'),(15,1,19,10,'2025-10-28 16:57:25','2025-10-28 16:57:25'),(16,1,20,10,'2025-10-28 16:57:26','2025-10-28 16:57:26'),(17,1,20,10,'2025-10-28 16:57:29','2025-10-28 16:57:29'),(18,1,19,10,'2025-10-28 16:57:30','2025-10-28 16:57:30'),(19,1,19,10,'2025-10-28 17:02:00','2025-10-28 17:02:00'),(20,1,19,10,'2025-10-28 17:02:55','2025-10-28 17:02:55'),(21,1,20,10,'2025-10-28 17:02:56','2025-10-28 17:02:56'),(22,1,19,10,'2025-10-28 17:03:04','2025-10-28 17:03:04'),(23,1,20,10,'2025-10-28 17:03:05','2025-10-28 17:03:05'),(24,1,21,11,'2025-10-28 17:05:10','2025-10-28 17:05:10'),(25,1,22,11,'2025-10-28 17:05:11','2025-10-28 17:05:11'),(26,1,21,11,'2025-10-28 17:05:19','2025-10-28 17:05:19'),(27,1,21,11,'2025-10-28 17:33:46','2025-10-28 17:33:46'),(28,1,22,11,'2025-10-28 17:33:47','2025-10-28 17:33:47'),(29,1,22,11,'2025-10-28 17:33:48','2025-10-28 17:33:48'),(30,1,21,11,'2025-10-28 17:33:49','2025-10-28 17:33:49'),(31,1,21,11,'2025-10-28 17:33:49','2025-10-28 17:33:49'),(32,1,22,11,'2025-10-28 17:33:49','2025-10-28 17:33:49'),(33,1,21,11,'2025-10-28 17:37:01','2025-10-28 17:37:01'),(34,1,22,11,'2025-10-28 17:37:02','2025-10-28 17:37:02'),(35,1,12,6,'2025-10-28 17:39:07','2025-10-28 17:39:07'),(36,1,11,6,'2025-10-28 17:39:08','2025-10-28 17:39:08'),(37,1,20,10,'2025-10-28 17:39:12','2025-10-28 17:39:12'),(38,1,19,10,'2025-10-28 17:39:12','2025-10-28 17:39:12'),(39,1,19,10,'2025-10-28 17:39:12','2025-10-28 17:39:12'),(40,1,19,10,'2025-10-28 17:39:56','2025-10-28 17:39:56'),(41,1,20,10,'2025-10-28 17:39:57','2025-10-28 17:39:57'),(42,1,17,9,'2025-10-28 17:40:05','2025-10-28 17:40:05'),(43,1,18,9,'2025-10-28 17:40:05','2025-10-28 17:40:05'),(44,1,17,9,'2025-10-28 17:40:06','2025-10-28 17:40:06'),(45,1,18,9,'2025-10-28 17:40:06','2025-10-28 17:40:06'),(46,1,17,9,'2025-10-28 17:40:06','2025-10-28 17:40:06'),(47,1,18,9,'2025-10-28 17:40:07','2025-10-28 17:40:07'),(48,1,17,9,'2025-10-28 17:40:07','2025-10-28 17:40:07'),(49,1,17,9,'2025-10-28 17:40:08','2025-10-28 17:40:08'),(50,1,18,9,'2025-10-28 17:40:08','2025-10-28 17:40:08'),(51,1,17,9,'2025-10-28 17:40:08','2025-10-28 17:40:08'),(52,1,18,9,'2025-10-28 17:40:08','2025-10-28 17:40:08'),(53,1,17,9,'2025-10-28 17:40:09','2025-10-28 17:40:09'),(54,1,21,11,'2025-10-28 17:40:33','2025-10-28 17:40:33'),(55,1,22,11,'2025-10-28 17:40:33','2025-10-28 17:40:33'),(56,1,22,11,'2025-10-28 17:40:33','2025-10-28 17:40:33'),(57,1,21,11,'2025-10-28 17:40:34','2025-10-28 17:40:34'),(58,1,22,11,'2025-10-28 17:40:34','2025-10-28 17:40:34'),(59,1,21,11,'2025-10-28 17:40:34','2025-10-28 17:40:34'),(60,1,22,11,'2025-10-28 17:40:35','2025-10-28 17:40:35'),(61,1,21,11,'2025-10-28 17:40:35','2025-10-28 17:40:35'),(62,1,22,11,'2025-10-28 17:40:35','2025-10-28 17:40:35'),(63,1,21,11,'2025-10-28 17:40:35','2025-10-28 17:40:35'),(64,1,22,11,'2025-10-28 17:40:36','2025-10-28 17:40:36'),(65,1,21,11,'2025-10-28 17:40:36','2025-10-28 17:40:36'),(66,1,22,11,'2025-10-28 17:40:36','2025-10-28 17:40:36'),(67,1,21,11,'2025-10-28 17:40:37','2025-10-28 17:40:37'),(68,1,21,11,'2025-10-28 17:40:37','2025-10-28 17:40:37'),(69,1,22,11,'2025-10-28 17:40:37','2025-10-28 17:40:37'),(70,1,22,11,'2025-10-28 17:40:38','2025-10-28 17:40:38'),(71,1,21,11,'2025-10-28 17:40:38','2025-10-28 17:40:38'),(72,1,22,11,'2025-10-28 17:40:39','2025-10-28 17:40:39'),(73,1,21,11,'2025-10-28 17:40:39','2025-10-28 17:40:39'),(74,1,22,11,'2025-10-28 17:40:39','2025-10-28 17:40:39'),(75,1,21,11,'2025-10-28 17:40:39','2025-10-28 17:40:39'),(76,1,21,11,'2025-10-28 17:40:40','2025-10-28 17:40:40'),(77,1,22,11,'2025-10-28 17:40:40','2025-10-28 17:40:40'),(78,1,21,11,'2025-10-28 17:40:40','2025-10-28 17:40:40'),(79,1,22,11,'2025-10-28 17:40:41','2025-10-28 17:40:41'),(80,1,21,11,'2025-10-28 17:40:41','2025-10-28 17:40:41'),(81,1,22,11,'2025-10-28 17:40:41','2025-10-28 17:40:41'),(82,1,21,11,'2025-10-28 17:40:42','2025-10-28 17:40:42'),(83,1,22,11,'2025-10-28 17:40:42','2025-10-28 17:40:42'),(84,1,21,11,'2025-10-28 17:40:42','2025-10-28 17:40:42'),(85,1,22,11,'2025-10-28 17:40:42','2025-10-28 17:40:42'),(86,1,22,11,'2025-10-28 17:40:43','2025-10-28 17:40:43'),(87,1,21,11,'2025-10-28 17:40:44','2025-10-28 17:40:44'),(88,1,22,11,'2025-10-28 17:40:44','2025-10-28 17:40:44'),(89,1,22,11,'2025-10-28 17:40:44','2025-10-28 17:40:44'),(90,1,21,11,'2025-10-28 17:40:45','2025-10-28 17:40:45'),(91,1,22,11,'2025-10-28 17:40:45','2025-10-28 17:40:45'),(92,1,21,11,'2025-10-28 17:40:45','2025-10-28 17:40:45'),(93,1,22,11,'2025-10-28 17:40:45','2025-10-28 17:40:45'),(94,1,21,11,'2025-10-28 17:40:46','2025-10-28 17:40:46'),(95,1,20,10,'2025-10-28 17:40:50','2025-10-28 17:40:50'),(96,1,19,10,'2025-10-28 17:40:51','2025-10-28 17:40:51'),(97,1,19,10,'2025-10-28 17:40:51','2025-10-28 17:40:51'),(98,1,20,10,'2025-10-28 17:40:51','2025-10-28 17:40:51'),(99,1,20,10,'2025-10-28 17:40:51','2025-10-28 17:40:51'),(100,1,20,10,'2025-10-28 17:40:52','2025-10-28 17:40:52'),(101,1,19,10,'2025-10-28 17:40:52','2025-10-28 17:40:52'),(102,1,20,10,'2025-10-28 17:40:52','2025-10-28 17:40:52'),(103,1,19,10,'2025-10-28 17:40:52','2025-10-28 17:40:52'),(104,1,20,10,'2025-10-28 17:40:53','2025-10-28 17:40:53'),(105,1,19,10,'2025-10-28 17:40:53','2025-10-28 17:40:53'),(106,1,20,10,'2025-10-28 17:40:53','2025-10-28 17:40:53'),(107,1,19,10,'2025-10-28 17:40:53','2025-10-28 17:40:53'),(108,1,20,10,'2025-10-28 17:40:54','2025-10-28 17:40:54'),(109,1,19,10,'2025-10-28 17:40:54','2025-10-28 17:40:54'),(110,1,20,10,'2025-10-28 17:40:54','2025-10-28 17:40:54'),(111,1,19,10,'2025-10-28 17:40:55','2025-10-28 17:40:55'),(112,1,20,10,'2025-10-28 17:40:55','2025-10-28 17:40:55'),(113,1,19,10,'2025-10-28 17:40:55','2025-10-28 17:40:55'),(114,1,20,10,'2025-10-28 17:40:55','2025-10-28 17:40:55'),(115,1,19,10,'2025-10-28 17:40:56','2025-10-28 17:40:56'),(116,1,20,10,'2025-10-28 17:40:56','2025-10-28 17:40:56'),(117,1,20,10,'2025-10-28 17:40:56','2025-10-28 17:40:56'),(118,1,19,10,'2025-10-28 17:40:57','2025-10-28 17:40:57'),(119,1,20,10,'2025-10-28 17:40:57','2025-10-28 17:40:57'),(120,1,20,10,'2025-10-28 17:40:57','2025-10-28 17:40:57'),(121,1,20,10,'2025-10-28 17:40:58','2025-10-28 17:40:58'),(122,1,19,10,'2025-10-28 17:40:58','2025-10-28 17:40:58'),(123,1,19,10,'2025-10-28 17:40:58','2025-10-28 17:40:58'),(124,1,20,10,'2025-10-28 17:40:59','2025-10-28 17:40:59'),(125,1,19,10,'2025-10-28 17:40:59','2025-10-28 17:40:59'),(126,1,20,10,'2025-10-28 17:41:00','2025-10-28 17:41:00'),(127,1,19,10,'2025-10-28 17:41:00','2025-10-28 17:41:00'),(128,1,18,9,'2025-10-28 17:41:08','2025-10-28 17:41:08'),(129,1,17,9,'2025-10-28 17:41:08','2025-10-28 17:41:08'),(130,1,17,9,'2025-10-28 17:41:08','2025-10-28 17:41:08'),(131,1,17,9,'2025-10-28 17:41:09','2025-10-28 17:41:09'),(132,1,17,9,'2025-10-28 17:41:09','2025-10-28 17:41:09'),(133,1,17,9,'2025-10-28 17:41:09','2025-10-28 17:41:09'),(134,1,17,9,'2025-10-28 17:41:09','2025-10-28 17:41:09'),(135,1,17,9,'2025-10-28 17:41:09','2025-10-28 17:41:09'),(136,1,17,9,'2025-10-28 17:41:10','2025-10-28 17:41:10'),(137,1,17,9,'2025-10-28 17:41:10','2025-10-28 17:41:10'),(138,1,17,9,'2025-10-28 17:41:10','2025-10-28 17:41:10'),(139,1,17,9,'2025-10-28 17:41:10','2025-10-28 17:41:10'),(140,1,17,9,'2025-10-28 17:41:10','2025-10-28 17:41:10'),(141,1,17,9,'2025-10-28 17:41:11','2025-10-28 17:41:11'),(142,1,17,9,'2025-10-28 17:41:11','2025-10-28 17:41:11'),(143,1,17,9,'2025-10-28 17:41:11','2025-10-28 17:41:11'),(144,1,17,9,'2025-10-28 17:41:11','2025-10-28 17:41:11'),(145,1,17,9,'2025-10-28 17:41:11','2025-10-28 17:41:11'),(146,1,17,9,'2025-10-28 17:41:11','2025-10-28 17:41:11'),(147,1,17,9,'2025-10-28 17:41:11','2025-10-28 17:41:11'),(148,1,17,9,'2025-10-28 17:41:12','2025-10-28 17:41:12'),(149,1,17,9,'2025-10-28 17:41:12','2025-10-28 17:41:12'),(150,1,17,9,'2025-10-28 17:41:12','2025-10-28 17:41:12'),(151,1,17,9,'2025-10-28 17:41:12','2025-10-28 17:41:12'),(152,1,17,9,'2025-10-28 17:41:12','2025-10-28 17:41:12'),(153,1,17,9,'2025-10-28 17:41:12','2025-10-28 17:41:12'),(154,1,17,9,'2025-10-28 17:41:13','2025-10-28 17:41:13'),(155,1,17,9,'2025-10-28 17:41:13','2025-10-28 17:41:13'),(156,1,17,9,'2025-10-28 17:41:13','2025-10-28 17:41:13'),(157,1,15,8,'2025-10-28 17:41:22','2025-10-28 17:41:22'),(158,1,15,8,'2025-10-28 17:41:22','2025-10-28 17:41:22'),(159,1,15,8,'2025-10-28 17:41:23','2025-10-28 17:41:23'),(160,1,15,8,'2025-10-28 17:41:23','2025-10-28 17:41:23'),(161,1,15,8,'2025-10-28 17:41:23','2025-10-28 17:41:23'),(162,1,15,8,'2025-10-28 17:41:23','2025-10-28 17:41:23'),(163,1,15,8,'2025-10-28 17:41:23','2025-10-28 17:41:23'),(164,1,15,8,'2025-10-28 17:41:23','2025-10-28 17:41:23'),(165,1,16,8,'2025-10-28 17:41:36','2025-10-28 17:41:36'),(166,1,15,8,'2025-10-28 17:41:37','2025-10-28 17:41:37'),(167,1,16,8,'2025-10-28 17:41:37','2025-10-28 17:41:37'),(168,1,16,8,'2025-10-28 17:41:37','2025-10-28 17:41:37'),(169,1,16,8,'2025-10-28 17:41:38','2025-10-28 17:41:38'),(170,1,16,8,'2025-10-28 17:41:38','2025-10-28 17:41:38'),(171,1,16,8,'2025-10-28 17:41:38','2025-10-28 17:41:38'),(172,1,16,8,'2025-10-28 17:41:38','2025-10-28 17:41:38'),(173,1,16,8,'2025-10-28 17:41:38','2025-10-28 17:41:38'),(174,1,16,8,'2025-10-28 17:41:39','2025-10-28 17:41:39'),(175,1,15,8,'2025-10-28 17:41:39','2025-10-28 17:41:39'),(176,1,15,8,'2025-10-28 17:41:39','2025-10-28 17:41:39'),(177,1,15,8,'2025-10-28 17:41:39','2025-10-28 17:41:39'),(178,1,15,8,'2025-10-28 17:41:39','2025-10-28 17:41:39'),(179,1,1,2,'2025-10-28 18:15:00','2025-10-28 18:15:00'),(180,1,1,2,'2025-10-28 18:15:01','2025-10-28 18:15:01'),(181,1,2,2,'2025-10-28 18:15:01','2025-10-28 18:15:01'),(182,1,2,2,'2025-10-28 18:15:01','2025-10-28 18:15:01'),(183,1,2,2,'2025-10-28 18:15:02','2025-10-28 18:15:02'),(184,1,1,2,'2025-10-28 18:15:02','2025-10-28 18:15:02'),(185,1,2,2,'2025-10-28 18:15:02','2025-10-28 18:15:02'),(186,1,1,2,'2025-10-28 18:15:03','2025-10-28 18:15:03'),(187,1,2,2,'2025-10-28 18:15:03','2025-10-28 18:15:03'),(188,1,1,2,'2025-10-28 18:15:04','2025-10-28 18:15:04'),(189,1,1,2,'2025-10-28 18:15:05','2025-10-28 18:15:05'),(190,1,2,2,'2025-10-28 18:15:05','2025-10-28 18:15:05'),(191,1,1,2,'2025-10-28 18:15:05','2025-10-28 18:15:05'),(192,1,2,2,'2025-10-28 18:15:06','2025-10-28 18:15:06'),(193,1,1,2,'2025-10-28 18:15:06','2025-10-28 18:15:06'),(194,1,2,2,'2025-10-28 18:15:06','2025-10-28 18:15:06'),(195,1,1,2,'2025-10-28 18:15:06','2025-10-28 18:15:06'),(196,1,2,2,'2025-10-28 18:15:07','2025-10-28 18:15:07'),(197,1,1,2,'2025-10-28 18:15:07','2025-10-28 18:15:07'),(198,1,2,2,'2025-10-28 18:15:07','2025-10-28 18:15:07'),(199,1,1,2,'2025-10-28 18:15:08','2025-10-28 18:15:08'),(200,1,2,2,'2025-10-28 18:15:08','2025-10-28 18:15:08'),(201,1,1,2,'2025-10-28 18:15:08','2025-10-28 18:15:08'),(202,1,2,2,'2025-10-28 18:15:08','2025-10-28 18:15:08'),(203,1,2,2,'2025-10-28 18:15:09','2025-10-28 18:15:09'),(204,1,1,2,'2025-10-28 18:15:09','2025-10-28 18:15:09'),(205,1,1,2,'2025-10-28 18:15:16','2025-10-28 18:15:16'),(206,1,2,2,'2025-10-28 18:15:16','2025-10-28 18:15:16'),(207,1,1,2,'2025-10-28 18:15:17','2025-10-28 18:15:17'),(208,1,2,2,'2025-10-28 18:15:17','2025-10-28 18:15:17'),(209,1,1,2,'2025-10-28 18:15:17','2025-10-28 18:15:17'),(210,1,2,2,'2025-10-28 18:15:18','2025-10-28 18:15:18'),(211,1,1,2,'2025-10-28 18:15:18','2025-10-28 18:15:18'),(212,1,2,2,'2025-10-28 18:15:18','2025-10-28 18:15:18'),(213,1,1,2,'2025-10-28 18:15:19','2025-10-28 18:15:19'),(214,1,2,2,'2025-10-28 18:15:19','2025-10-28 18:15:19'),(215,1,1,2,'2025-10-28 18:15:19','2025-10-28 18:15:19'),(216,1,2,2,'2025-10-28 18:15:19','2025-10-28 18:15:19'),(217,1,1,2,'2025-10-28 18:15:20','2025-10-28 18:15:20'),(218,1,2,2,'2025-10-28 18:15:20','2025-10-28 18:15:20'),(219,1,1,2,'2025-10-28 18:15:20','2025-10-28 18:15:20'),(220,1,2,2,'2025-10-28 18:15:20','2025-10-28 18:15:20'),(221,1,1,2,'2025-10-28 18:15:21','2025-10-28 18:15:21'),(222,1,2,2,'2025-10-28 18:15:21','2025-10-28 18:15:21'),(223,1,1,2,'2025-10-28 18:15:21','2025-10-28 18:15:21'),(224,1,2,2,'2025-10-28 18:15:21','2025-10-28 18:15:21'),(225,1,2,2,'2025-10-28 18:15:22','2025-10-28 18:15:22'),(226,1,2,2,'2025-10-28 18:15:23','2025-10-28 18:15:23'),(227,1,1,2,'2025-10-28 18:15:23','2025-10-28 18:15:23'),(228,1,2,2,'2025-10-28 18:15:23','2025-10-28 18:15:23'),(229,1,2,2,'2025-10-28 18:15:24','2025-10-28 18:15:24'),(230,1,1,2,'2025-10-28 18:15:24','2025-10-28 18:15:24'),(231,1,2,2,'2025-10-28 18:15:24','2025-10-28 18:15:24'),(232,1,2,2,'2025-10-28 18:15:25','2025-10-28 18:15:25'),(233,1,1,2,'2025-10-28 18:15:25','2025-10-28 18:15:25'),(234,1,1,2,'2025-10-28 18:15:34','2025-10-28 18:15:34'),(235,1,1,2,'2025-10-28 18:15:34','2025-10-28 18:15:34'),(236,1,1,2,'2025-10-28 18:15:35','2025-10-28 18:15:35'),(237,1,3,3,'2025-10-28 18:15:49','2025-10-28 18:15:49'),(238,1,4,3,'2025-10-28 18:15:50','2025-10-28 18:15:50'),(239,1,5,3,'2025-10-28 18:15:50','2025-10-28 18:15:50'),(240,1,6,3,'2025-10-28 18:15:51','2025-10-28 18:15:51'),(241,1,3,3,'2025-10-28 18:15:51','2025-10-28 18:15:51'),(242,1,3,3,'2025-10-28 18:15:51','2025-10-28 18:15:51'),(243,1,3,3,'2025-10-28 18:15:51','2025-10-28 18:15:51'),(244,1,3,3,'2025-10-28 18:15:52','2025-10-28 18:15:52'),(245,1,3,3,'2025-10-28 18:15:52','2025-10-28 18:15:52'),(246,1,3,3,'2025-10-28 18:15:52','2025-10-28 18:15:52'),(247,1,3,3,'2025-10-28 18:15:52','2025-10-28 18:15:52'),(248,1,3,3,'2025-10-28 18:15:52','2025-10-28 18:15:52'),(249,1,3,3,'2025-10-28 18:15:52','2025-10-28 18:15:52'),(250,1,3,3,'2025-10-28 18:15:53','2025-10-28 18:15:53'),(251,1,3,3,'2025-10-28 18:15:53','2025-10-28 18:15:53'),(252,1,3,3,'2025-10-28 18:15:53','2025-10-28 18:15:53'),(253,1,3,3,'2025-10-28 18:15:53','2025-10-28 18:15:53'),(254,1,3,3,'2025-10-28 18:15:53','2025-10-28 18:15:53'),(255,1,3,3,'2025-10-28 18:15:53','2025-10-28 18:15:53'),(256,1,3,3,'2025-10-28 18:15:54','2025-10-28 18:15:54'),(257,1,3,3,'2025-10-28 18:15:54','2025-10-28 18:15:54'),(258,1,3,3,'2025-10-28 18:15:54','2025-10-28 18:15:54'),(259,1,3,3,'2025-10-28 18:15:54','2025-10-28 18:15:54'),(260,1,4,3,'2025-10-28 18:15:54','2025-10-28 18:15:54'),(261,1,4,3,'2025-10-28 18:15:55','2025-10-28 18:15:55'),(262,1,4,3,'2025-10-28 18:15:55','2025-10-28 18:15:55'),(263,1,4,3,'2025-10-28 18:15:55','2025-10-28 18:15:55'),(264,1,4,3,'2025-10-28 18:15:55','2025-10-28 18:15:55'),(265,1,4,3,'2025-10-28 18:15:55','2025-10-28 18:15:55'),(266,1,4,3,'2025-10-28 18:15:55','2025-10-28 18:15:55'),(267,1,5,3,'2025-10-28 18:15:56','2025-10-28 18:15:56'),(268,1,5,3,'2025-10-28 18:15:56','2025-10-28 18:15:56'),(269,1,5,3,'2025-10-28 18:15:56','2025-10-28 18:15:56'),(270,1,5,3,'2025-10-28 18:15:56','2025-10-28 18:15:56'),(271,1,6,3,'2025-10-28 18:15:56','2025-10-28 18:15:56'),(272,1,6,3,'2025-10-28 18:15:57','2025-10-28 18:15:57'),(273,1,6,3,'2025-10-28 18:15:57','2025-10-28 18:15:57'),(274,1,3,3,'2025-10-28 18:15:57','2025-10-28 18:15:57'),(275,1,3,3,'2025-10-28 18:15:57','2025-10-28 18:15:57'),(276,1,4,3,'2025-10-28 18:15:58','2025-10-28 18:15:58'),(277,1,3,3,'2025-10-28 18:15:58','2025-10-28 18:15:58'),(278,1,3,3,'2025-10-28 18:16:04','2025-10-28 18:16:04'),(279,1,3,3,'2025-10-28 18:16:04','2025-10-28 18:16:04'),(280,1,3,3,'2025-10-28 18:16:05','2025-10-28 18:16:05'),(281,1,3,3,'2025-10-28 18:16:05','2025-10-28 18:16:05'),(282,1,3,3,'2025-10-28 18:16:05','2025-10-28 18:16:05'),(283,1,3,3,'2025-10-28 18:16:05','2025-10-28 18:16:05'),(284,1,3,3,'2025-10-28 18:16:05','2025-10-28 18:16:05'),(285,1,3,3,'2025-10-28 18:16:06','2025-10-28 18:16:06'),(286,1,3,3,'2025-10-28 18:16:06','2025-10-28 18:16:06'),(287,1,3,3,'2025-10-28 18:16:06','2025-10-28 18:16:06'),(288,1,3,3,'2025-10-28 18:16:06','2025-10-28 18:16:06'),(289,1,3,3,'2025-10-28 18:16:06','2025-10-28 18:16:06'),(290,1,3,3,'2025-10-28 18:16:06','2025-10-28 18:16:06'),(291,1,3,3,'2025-10-28 18:16:07','2025-10-28 18:16:07'),(292,1,3,3,'2025-10-28 18:16:07','2025-10-28 18:16:07'),(293,1,3,3,'2025-10-28 18:16:07','2025-10-28 18:16:07'),(294,1,3,3,'2025-10-28 18:16:07','2025-10-28 18:16:07'),(295,1,3,3,'2025-10-28 18:16:07','2025-10-28 18:16:07'),(296,1,3,3,'2025-10-28 18:16:07','2025-10-28 18:16:07'),(297,1,3,3,'2025-10-28 18:16:08','2025-10-28 18:16:08'),(298,1,1,2,'2025-10-28 18:32:35','2025-10-28 18:32:35'),(299,1,7,4,'2025-10-28 18:34:50','2025-10-28 18:34:50'),(300,1,7,4,'2025-10-28 18:36:42','2025-10-28 18:36:42'),(301,6,27,15,'2025-10-28 19:00:11','2025-10-28 19:00:11'),(302,7,27,15,'2025-10-28 19:31:17','2025-10-28 19:31:17'),(303,7,28,15,'2025-10-28 19:31:49','2025-10-28 19:31:49'),(304,8,29,16,'2025-10-28 19:38:38','2025-10-28 19:38:38'),(305,8,29,16,'2025-10-28 19:41:32','2025-10-28 19:41:32'),(306,8,29,16,'2025-10-28 19:42:05','2025-10-28 19:42:05'),(307,8,29,16,'2025-10-28 19:43:42','2025-10-28 19:43:42'),(308,8,29,16,'2025-10-28 19:44:48','2025-10-28 19:44:48'),(309,8,29,16,'2025-10-28 19:44:55','2025-10-28 19:44:55'),(310,8,29,16,'2025-10-28 19:49:50','2025-10-28 19:49:50'),(311,8,30,16,'2025-10-28 19:49:55','2025-10-28 19:49:55'),(312,8,29,16,'2025-10-28 19:51:50','2025-10-28 19:51:50'),(313,8,29,16,'2025-10-28 19:57:43','2025-10-28 19:57:43'),(314,8,31,17,'2025-10-28 20:08:06','2025-10-28 20:08:06'),(315,8,32,17,'2025-10-28 20:08:07','2025-10-28 20:08:07'),(316,8,31,17,'2025-10-28 20:09:06','2025-10-28 20:09:06'),(317,8,37,19,'2025-10-28 20:10:10','2025-10-28 20:10:10'),(318,8,38,19,'2025-10-28 20:10:16','2025-10-28 20:10:16'),(319,10,35,18,'2025-10-28 20:42:52','2025-10-28 20:42:52'),(320,10,36,18,'2025-10-28 20:42:58','2025-10-28 20:42:58'),(321,10,9,5,'2025-10-28 20:43:28','2025-10-28 20:43:28'),(322,10,30,16,'2025-10-28 20:43:35','2025-10-28 20:43:35'),(323,10,14,7,'2025-10-28 20:43:45','2025-10-28 20:43:45'),(324,10,1,2,'2025-10-28 20:44:03','2025-10-28 20:44:03'),(325,12,37,19,'2025-10-28 22:25:15','2025-10-28 22:25:15'),(326,12,38,19,'2025-10-28 22:25:21','2025-10-28 22:25:21'),(327,12,37,19,'2025-10-28 22:25:26','2025-10-28 22:25:26'),(328,12,31,17,'2025-10-28 22:25:45','2025-10-28 22:25:45'),(329,14,40,20,'2025-10-28 22:38:41','2025-10-28 22:38:41'),(330,14,39,20,'2025-10-28 22:38:47','2025-10-28 22:38:47'),(331,17,65,33,'2025-10-28 23:09:30','2025-10-28 23:09:30'),(332,17,68,34,'2025-10-28 23:09:35','2025-10-28 23:09:35'),(333,17,67,34,'2025-10-28 23:09:40','2025-10-28 23:09:40'),(334,17,65,33,'2025-10-28 23:09:43','2025-10-28 23:09:43'),(335,17,66,33,'2025-10-28 23:09:47','2025-10-28 23:09:47'),(336,18,67,34,'2025-10-29 08:41:35','2025-10-29 08:41:35'),(337,18,68,34,'2025-10-29 08:41:38','2025-10-29 08:41:38'),(338,18,67,34,'2025-10-29 08:41:43','2025-10-29 08:41:43'),(339,18,67,34,'2025-10-29 08:41:47','2025-10-29 08:41:47');
/*!40000 ALTER TABLE `user_votes` ENABLE KEYS */;
UNLOCK TABLES;

--
-- Table structure for table `users`
--

DROP TABLE IF EXISTS `users`;
/*!40101 SET @saved_cs_client     = @@character_set_client */;
/*!50503 SET character_set_client = utf8mb4 */;
CREATE TABLE `users` (
  `id` int NOT NULL AUTO_INCREMENT,
  `first_name` varchar(45) DEFAULT NULL,
  `last_name` varchar(45) DEFAULT NULL,
  `email` varchar(45) DEFAULT NULL,
  `password` varchar(200) DEFAULT NULL,
  `created_at` datetime DEFAULT CURRENT_TIMESTAMP,
  `updated_at` datetime DEFAULT CURRENT_TIMESTAMP,
  `userscol` varchar(45) DEFAULT NULL,
  PRIMARY KEY (`id`)
) ENGINE=InnoDB AUTO_INCREMENT=19 DEFAULT CHARSET=utf8mb4 COLLATE=utf8mb4_0900_ai_ci;
/*!40101 SET character_set_client = @saved_cs_client */;

--
-- Dumping data for table `users`
--

LOCK TABLES `users` WRITE;
/*!40000 ALTER TABLE `users` DISABLE KEYS */;
INSERT INTO `users` VALUES (1,'Corrupti eius qui a','Aperiam aliquam adip','lavu@mailinator.com','$2b$12$clHTfcaE39ixjHJd2skW1OqRIJykEOydgzsPY/q0xM/bFR7sShEE6','2025-10-28 13:25:59','2025-10-28 13:25:59',NULL),(2,'Ullam nisi ut id lau','Aliquam aliquip magn','vecaby@mailinator.com','$2b$12$0QF9FskM8AjweIbIz0K7huKv3LngicykIjnS6d2XGeulxbj5ouxZq','2025-10-28 13:26:39','2025-10-28 13:26:39',NULL),(3,'Enim fugiat qui omni','Voluptatem Aut perf','hagewah@mailinator.com','$2b$12$YWI3LDSE1I.2mobbUz/ib.nW0eAsAfszfpfaJdJBPcuODQQdvojlW','2025-10-28 17:02:21','2025-10-28 17:02:21',NULL),(4,'Ad non in amet cupi','Quo blanditiis imped','vupexezimi@mailinator.com','$2b$12$zPw5PZw543ekZk6ItyRxtur4oSoFJicSVTMC10j0NsCUT8OC3e/lG','2025-10-28 17:02:26','2025-10-28 17:02:26',NULL),(5,'Odit cillum fugiat e','Et praesentium eu mi','qaqymu@mailinator.com','$2b$12$DDjErc5ts1y6lT6yttkcKOv1paQ.6gjkr3GjMbcX7zdqazxAy/eKO','2025-10-28 17:31:29','2025-10-28 17:31:29',NULL),(6,'Sint pariatur Corru','Sed adipisicing quos','kavypoly@mailinator.com','$2b$12$guoOOkNOCEI29WVLmwQXL.j4NC4frYmdWuqsqKGtZz5WB68RgG2eW','2025-10-28 17:31:37','2025-10-28 17:31:37',NULL),(7,'Repudiandae quia ips','Nihil natus dolores ','davukoza@mailinator.com','$2b$12$2NetToOUiM4BWpnWlOUUNeTUwFd1pMIadeisZd6Z/A1xIEoIC6.Yu','2025-10-28 19:31:06','2025-10-28 19:31:06',NULL),(8,'Ex quos pariatur Vo','Eum ut aut laboris h','fyxipemu@mailinator.com','$2b$12$g2/9VTUIRuThvOfL9drSDevMxNR2lHxzrYsydIc55/9A5.TL9OZcC','2025-10-28 19:38:22','2025-10-28 19:38:22',NULL),(9,'Ut cum eiusmod sit p','Ipsum provident sin','xofitesi@mailinator.com','$2b$12$27x2V3azQRHztR7TUZafWexou7uo/.CZ0BX5e.AwTLdMyQFxSBaq2','2025-10-28 20:42:33','2025-10-28 20:42:33',NULL),(10,'Suscipit do placeat','Natus similique sed ','cimud@mailinator.com','$2b$12$JD76lqF5gZj5F/zVHWGnFOhZC2FNamuM7yb0AgAwKXzcvsbLXqSXq','2025-10-28 20:42:38','2025-10-28 20:42:38',NULL),(11,'Deserunt nulla aliqu','Vero dolore dignissi','nocefahene@mailinator.com','$2b$12$35mhvzGHtGkSlPQoU5Ly9.78Calsb/F27TqOID9bx8PKfqnWvJ7ly','2025-10-28 22:17:18','2025-10-28 22:17:18',NULL),(12,'Ut perspiciatis ea ','Doloremque ex harum ','fahip@mailinator.com','$2b$12$YCr78Mmv197V5wA2lGw0PO30QGyOMGlxvzsdvczuXj68vBH.gm5qK','2025-10-28 22:25:08','2025-10-28 22:25:08',NULL),(13,'At do qui fugit odi','Irure voluptas possi','muzefu@mailinator.com','$2b$12$FbCKiLd2n8dC08pNN6UYt.6./ym4oYA6jIreanDJj3cx5x5oQ2l0K','2025-10-28 22:37:18','2025-10-28 22:37:18',NULL),(14,'Ut quia quos obcaeca','Nesciunt enim corru','pewucikazu@mailinator.com','$2b$12$6D95NzxE2Ja3PL5j3SemleagZZHIPdK3bPU4YUqabNM5Qvkw78jQ2','2025-10-28 22:38:25','2025-10-28 22:38:25',NULL),(15,'Omnis delectus volu','Dolore facere offici','waqorynog@mailinator.com','$2b$12$iN/0xmxvS8NNM3a5sbcXDeWX3IIakZG5dpUbhYzaaYNy5.10ASbca','2025-10-28 22:46:29','2025-10-28 22:46:29',NULL),(16,'Ex quia in vel eos n','Et incididunt dolore','ticikop@mailinator.com','$2b$12$KKrGYztzBkPE54rX2s8dWOrchdYJekbF2oiAW9DZu9N7/.YsmTUxa','2025-10-28 22:47:37','2025-10-28 22:47:37',NULL),(17,'Illum quisquam tene','Deserunt pariatur I','vymat@mailinator.com','$2b$12$.FKo8ao2CPiwgKqs4GC6ZeLTeD/kkIpJuiWPD80MNmAj4ZxCoprrO','2025-10-28 22:48:16','2025-10-28 22:48:16',NULL),(18,'Eius duis Nam in lor','Cumque dolore veniam','leqa@mailinator.com','$2b$12$224L2QmfRFB3bbiDFE5T..H8oUoTwqoUSt3/cXlL25vkVGnUuXa3a','2025-10-29 08:39:11','2025-10-29 08:39:11',NULL);
/*!40000 ALTER TABLE `users` ENABLE KEYS */;
UNLOCK TABLES;
/*!40103 SET TIME_ZONE=@OLD_TIME_ZONE */;

/*!40101 SET SQL_MODE=@OLD_SQL_MODE */;
/*!40014 SET FOREIGN_KEY_CHECKS=@OLD_FOREIGN_KEY_CHECKS */;
/*!40014 SET UNIQUE_CHECKS=@OLD_UNIQUE_CHECKS */;
/*!40101 SET CHARACTER_SET_CLIENT=@OLD_CHARACTER_SET_CLIENT */;
/*!40101 SET CHARACTER_SET_RESULTS=@OLD_CHARACTER_SET_RESULTS */;
/*!40101 SET COLLATION_CONNECTION=@OLD_COLLATION_CONNECTION */;
/*!40111 SET SQL_NOTES=@OLD_SQL_NOTES */;

-- Dump completed on 2025-10-29  8:42:47
